ride_id,driver_id,distance_km,fare_usd,ride_type,city,timestamp
1,1029,21.851465364218473,57.80154829914756,standard,Berlin,2025-01-01 00:00:00
2,1046,19.819872414312083,18.490548683578204,standard,Nairobi,2025-01-01 00:01:00
3,1034,6.193740119947056,47.83069287485114,standard,Nairobi,2025-01-01 00:02:00
4,1040,6.428698492834908,47.17682205385558,pool,Berlin,2025-01-01 00:03:00
5,1019,22.305689179565565,66.61643261093644,standard,Lima,2025-01-01 00:04:00
6,1010,28.747787776326515,50.718021812288185,standard,Toronto,2025-01-01 00:05:00
7,1031,23.290220646410305,37.413322258000385,standard,Seoul,2025-01-01 00:06:00
8,1002,25.36320592181306,67.92880500467402,pool,Nairobi,2025-01-01 00:07:00
9,1022,23.68673247810281,24.866220677862117,pool,Nairobi,2025-01-01 00:08:00
10,1034,8.76612914491243,25.360752095655023,pool,Toronto,2025-01-01 00:09:00
11,1005,29.074246048394023,40.311666994065774,premium,Berlin,2025-01-01 00:10:00
12,1033,16.986698462786833,22.531382837350755,pool,Toronto,2025-01-01 00:11:00
13,1010,3.367274036521348,42.664045779957846,standard,Nairobi,2025-01-01 00:12:00
14,1022,20.51266692286274,24.418976271342952,standard,Nairobi,2025-01-01 00:13:00
15,1050,24.980182871810385,51.31878614535549,premium,Lima,2025-01-01 00:14:00
16,1044,23.54710099168758,51.837461254702475,premium,Seoul,2025-01-01 00:15:00
17,1039,8.952628264398784,29.276138215251056,pool,Toronto,2025-01-01 00:16:00
18,1015,5.107879330885696,63.38500765723256,pool,Lima,2025-01-01 00:17:00
19,1039,9.702779496902295,5.575167636080139,standard,Nairobi,2025-01-01 00:18:00
20,1016,10.833773368254008,53.72010045936395,standard,Lima,2025-01-01 00:19:00
21,1039,22.53588759675433,52.39567289110406,premium,Berlin,2025-01-01 00:20:00
22,1007,4.883928665442765,66.61631137588557,premium,Nairobi,2025-01-01 00:21:00
23,1009,13.722741650806237,47.226163402875045,premium,Toronto,2025-01-01 00:22:00
24,1011,25.133493008364862,8.13532834149808,premium,Seoul,2025-01-01 00:23:00
25,1009,14.971414753353153,36.63374378017788,standard,Berlin,2025-01-01 00:24:00
26,1004,20.71108512291552,51.96751208733628,pool,Seoul,2025-01-01 00:25:00
27,1021,10.131249068186598,7.362162316616809,pool,Nairobi,2025-01-01 00:26:00
28,1037,5.193879782486539,9.069944067239998,pool,Toronto,2025-01-01 00:27:00
29,1039,29.605865594096112,7.438218722882715,standard,Toronto,2025-01-01 00:28:00
30,1028,28.432744577290013,42.869943557062584,premium,Nairobi,2025-01-01 00:29:00
31,1017,17.910377030846455,33.00600078733811,pool,Toronto,2025-01-01 00:30:00
32,1049,18.766249745378985,30.21127526822517,pool,Nairobi,2025-01-01 00:31:00
33,1002,25.062101387542732,58.4204992405067,premium,Toronto,2025-01-01 00:32:00
34,1035,6.758137611093931,67.22263156927642,premium,Toronto,2025-01-01 00:33:00
35,1040,9.22111738922975,34.13431760308987,pool,Nairobi,2025-01-01 00:34:00
36,1037,26.92990049577782,61.05014829738329,premium,Seoul,2025-01-01 00:35:00
37,1005,22.13484358301802,33.472449689951645,standard,Nairobi,2025-01-01 00:36:00
38,1032,2.8374632291727107,15.074238685291597,standard,Nairobi,2025-01-01 00:37:00
39,1049,20.20925097635517,42.68240190061525,pool,Nairobi,2025-01-01 00:38:00
40,1004,6.463444056627428,31.90065960595131,pool,Seoul,2025-01-01 00:39:00
41,1028,12.667104114031266,33.057232486858865,standard,Toronto,2025-01-01 00:40:00
42,1017,6.543135834027872,73.30100332393864,pool,Berlin,2025-01-01 00:41:00
43,1012,12.077839456965952,40.198314615244165,premium,Toronto,2025-01-01 00:42:00
44,1019,17.92222776775257,26.355219673994913,premium,Seoul,2025-01-01 00:43:00
45,1049,11.771876631579623,62.171469341237795,pool,Lima,2025-01-01 00:44:00
46,1045,14.154876011736766,72.51665530870416,premium,Seoul,2025-01-01 00:45:00
47,1020,28.806349867344643,29.756317245604578,pool,Toronto,2025-01-01 00:46:00
48,1017,17.58695191684377,41.07790389168215,pool,Toronto,2025-01-01 00:47:00
49,1019,11.623867994774963,30.545465599036763,standard,Seoul,2025-01-01 00:48:00
50,1005,2.596420767516532,34.6239946167635,premium,Nairobi,2025-01-01 00:49:00
51,1025,18.860584954531394,51.45971094127937,premium,Seoul,2025-01-01 00:50:00
52,1027,22.524512982594285,73.73844325627353,pool,Toronto,2025-01-01 00:51:00
53,1009,16.324840709640046,52.933316841030475,pool,Seoul,2025-01-01 00:52:00
54,1011,13.922131578511904,31.07575195367358,standard,Nairobi,2025-01-01 00:53:00
55,1029,6.847600854727708,53.53985739440376,premium,Nairobi,2025-01-01 00:54:00
56,1036,16.43740695238151,63.86104014393782,standard,Lima,2025-01-01 00:55:00
57,1000,28.951572396516042,54.452964929036305,premium,Seoul,2025-01-01 00:56:00
58,1041,23.473968919521795,51.78670076551969,premium,Nairobi,2025-01-01 00:57:00
59,1035,5.450575794259566,28.440979166667383,premium,Nairobi,2025-01-01 00:58:00
60,1050,26.741366205646703,34.990992828455774,premium,Nairobi,2025-01-01 00:59:00
61,1031,4.843263817381857,42.969949550585405,pool,Nairobi,2025-01-01 01:00:00
62,1032,22.6313028652321,73.98391400121487,pool,Seoul,2025-01-01 01:01:00
63,1010,26.013353619778904,59.05516722711947,premium,Lima,2025-01-01 01:02:00
64,1023,21.168505978726966,71.37131887832771,premium,Lima,2025-01-01 01:03:00
65,1042,12.698735805118027,11.16273307290732,premium,Lima,2025-01-01 01:04:00
66,1044,21.94687214638016,20.35252112425937,pool,Toronto,2025-01-01 01:05:00
67,1026,12.020100078560766,10.520738052641695,standard,Toronto,2025-01-01 01:06:00
68,1021,29.829735904134242,41.930763474657574,premium,Seoul,2025-01-01 01:07:00
69,1003,14.753523693295529,33.787693607914356,premium,Lima,2025-01-01 01:08:00
70,1021,29.40157217280904,47.615020010763594,pool,Toronto,2025-01-01 01:09:00
71,1011,5.443218817050781,26.991338637512328,pool,Lima,2025-01-01 01:10:00
72,1041,15.364617164087855,24.17440087888619,pool,Lima,2025-01-01 01:11:00
73,1024,29.207680767858985,50.61010292194722,premium,Lima,2025-01-01 01:12:00
74,1048,5.448696635085715,59.324521179535814,standard,Lima,2025-01-01 01:13:00
75,1007,15.932567079440293,57.763694544980446,pool,Berlin,2025-01-01 01:14:00
76,1045,28.211374813669767,17.03913034558144,standard,Lima,2025-01-01 01:15:00
77,1001,19.86396072858892,60.26805695124581,standard,Toronto,2025-01-01 01:16:00
78,1040,6.202365894464456,55.15570045670802,standard,Toronto,2025-01-01 01:17:00
79,1009,17.884272355638636,50.938383288577064,pool,Berlin,2025-01-01 01:18:00
80,1043,20.212336617702416,61.19640055870677,pool,Berlin,2025-01-01 01:19:00
81,1026,22.04142135817611,34.93183058276373,premium,Nairobi,2025-01-01 01:20:00
82,1034,12.429406683119673,25.52860226235989,standard,Nairobi,2025-01-01 01:21:00
83,1038,8.616193147752279,56.0638562420057,standard,Lima,2025-01-01 01:22:00
84,1033,3.0150727454109427,64.68996913318198,standard,Nairobi,2025-01-01 01:23:00
85,1048,29.667485335864583,50.57955324015794,standard,Nairobi,2025-01-01 01:24:00
86,1003,12.816600141612607,57.20601564866977,premium,Lima,2025-01-01 01:25:00
87,1010,24.338520284999937,62.43560210845395,standard,Toronto,2025-01-01 01:26:00
88,1006,1.2456359909454204,35.94264723657691,pool,Lima,2025-01-01 01:27:00
89,1012,4.095657501375742,70.52640644802035,standard,Berlin,2025-01-01 01:28:00
90,1029,5.366959219227861,45.641587454552315,premium,Berlin,2025-01-01 01:29:00
91,1026,6.908257529780556,51.839948978989305,premium,Seoul,2025-01-01 01:30:00
92,1006,26.419397971002375,36.20897454141315,pool,Nairobi,2025-01-01 01:31:00
93,1019,19.207781805343284,19.262610772997,premium,Toronto,2025-01-01 01:32:00
94,1009,21.61673572623679,38.15320063520632,premium,Lima,2025-01-01 01:33:00
95,1021,5.632856608551216,20.366355774474187,pool,Toronto,2025-01-01 01:34:00
96,1023,14.235766751596875,23.880567451015537,standard,Lima,2025-01-01 01:35:00
97,1028,21.99632137482028,41.09390657416885,premium,Berlin,2025-01-01 01:36:00
98,1025,8.428133663297512,28.04435633026133,pool,Seoul,2025-01-01 01:37:00
99,1046,28.924193278971522,25.5177548631387,standard,Toronto,2025-01-01 01:38:00
100,1005,15.962444433574095,66.62839986713271,premium,Berlin,2025-01-01 01:39:00
101,1004,9.144482126486816,26.001763583186715,pool,Nairobi,2025-01-01 01:40:00
102,1033,16.46700683515803,8.837707876494022,premium,Lima,2025-01-01 01:41:00
103,1036,23.84547529477975,21.164159974884928,premium,Berlin,2025-01-01 01:42:00
104,1044,17.192418116841235,24.998802982227488,standard,Seoul,2025-01-01 01:43:00
105,1003,13.368886214266432,27.964665076999662,standard,Toronto,2025-01-01 01:44:00
106,1009,14.44801171025819,37.18573325379798,standard,Berlin,2025-01-01 01:45:00
107,1013,29.28917587749672,69.01859705936863,premium,Toronto,2025-01-01 01:46:00
108,1038,27.23780214456219,73.1462058424374,premium,Nairobi,2025-01-01 01:47:00
109,1025,13.892523510561809,27.567899767375987,standard,Nairobi,2025-01-01 01:48:00
110,1044,28.34876156927184,30.78122043180132,pool,Toronto,2025-01-01 01:49:00
111,1040,13.691270852090561,24.8895807745614,premium,Toronto,2025-01-01 01:50:00
112,1047,29.446084096671935,48.974571853896755,pool,Lima,2025-01-01 01:51:00
113,1020,14.140096832880566,35.74840270913917,pool,Toronto,2025-01-01 01:52:00
114,1045,13.418632928442811,59.26817540072917,standard,Berlin,2025-01-01 01:53:00
115,1043,21.950472552309073,68.36207322179985,pool,Seoul,2025-01-01 01:54:00
116,1012,19.1316417585115,24.037055181041872,premium,Nairobi,2025-01-01 01:55:00
117,1009,7.75165867402882,18.35415065543124,premium,Seoul,2025-01-01 01:56:00
118,1035,14.583576623473542,48.57364276579945,pool,Berlin,2025-01-01 01:57:00
119,1029,12.47699842315188,48.82758432687288,standard,Berlin,2025-01-01 01:58:00
120,1028,15.113427335646529,46.36164480485323,pool,Lima,2025-01-01 01:59:00
121,1042,4.609011628527813,7.249625987798403,pool,Seoul,2025-01-01 02:00:00
122,1009,12.989675796158549,59.87579945219835,premium,Lima,2025-01-01 02:01:00
123,1015,25.154337334283685,26.327499991633218,premium,Berlin,2025-01-01 02:02:00
124,1038,28.199065370079666,28.167733679761934,pool,Lima,2025-01-01 02:03:00
125,1001,16.92141205930225,15.953926735491304,premium,Nairobi,2025-01-01 02:04:00
126,1049,19.835679921635077,39.93879912319201,standard,Toronto,2025-01-01 02:05:00
127,1016,13.90698146699545,71.5215886573058,premium,Berlin,2025-01-01 02:06:00
128,1006,28.956595566789098,29.857432828543036,pool,Toronto,2025-01-01 02:07:00
129,1039,23.777600307390014,40.36221002310087,pool,Seoul,2025-01-01 02:08:00
130,1035,27.251543105642057,24.190852633350655,pool,Nairobi,2025-01-01 02:09:00
131,1046,11.440329919076163,26.88433541167879,pool,Nairobi,2025-01-01 02:10:00
132,1037,23.916905391296467,49.40909214736055,standard,Seoul,2025-01-01 02:11:00
133,1005,23.92065085589398,56.61057769434477,pool,Seoul,2025-01-01 02:12:00
134,1043,25.497334397210697,38.77902040343938,standard,Toronto,2025-01-01 02:13:00
135,1039,7.423513669017252,68.98375640096403,pool,Seoul,2025-01-01 02:14:00
136,1017,13.716669765075439,43.467321230772015,pool,Seoul,2025-01-01 02:15:00
137,1035,14.719036412123005,52.385403881286834,pool,Nairobi,2025-01-01 02:16:00
138,1021,23.127919772159434,60.93451265300554,standard,Toronto,2025-01-01 02:17:00
139,1045,21.583166468137804,49.29301610242654,standard,Lima,2025-01-01 02:18:00
140,1043,29.010669727563783,37.93757378447958,standard,Berlin,2025-01-01 02:19:00
141,1047,14.41522136545592,25.070964328547735,premium,Toronto,2025-01-01 02:20:00
142,1029,1.8735910565355327,58.322701550329626,standard,Lima,2025-01-01 02:21:00
143,1030,11.811532851349748,25.47256151504336,pool,Toronto,2025-01-01 02:22:00
144,1019,8.57868762598501,45.86823148225317,pool,Seoul,2025-01-01 02:23:00
145,1004,11.857950658981435,47.219085505614956,pool,Lima,2025-01-01 02:24:00
146,1005,28.23999964719133,49.57468707073767,standard,Toronto,2025-01-01 02:25:00
147,1022,5.550528776579489,39.58866654065627,pool,Berlin,2025-01-01 02:26:00
148,1037,8.83857702313878,39.19648073384231,premium,Nairobi,2025-01-01 02:27:00
149,1018,10.995293727491246,25.750463890105113,standard,Nairobi,2025-01-01 02:28:00
150,1038,18.86587332434066,18.20859329723025,premium,Nairobi,2025-01-01 02:29:00
151,1046,3.0775759424904128,58.80571248392537,premium,Lima,2025-01-01 02:30:00
152,1021,16.743295384494253,54.291355363600154,pool,Lima,2025-01-01 02:31:00
153,1044,5.244731063029664,8.211750463956001,standard,Lima,2025-01-01 02:32:00
154,1029,7.056236350853393,73.72735959674132,premium,Berlin,2025-01-01 02:33:00
155,1038,6.511613891468069,27.877464983545263,pool,Seoul,2025-01-01 02:34:00
156,1003,14.862132028737392,26.968161546306785,standard,Seoul,2025-01-01 02:35:00
157,1020,23.62381471459398,57.264795466877786,premium,Nairobi,2025-01-01 02:36:00
158,1041,20.89540362881945,10.985003724585656,premium,Toronto,2025-01-01 02:37:00
159,1035,13.991304089939362,36.52952656283895,standard,Nairobi,2025-01-01 02:38:00
160,1000,18.24530787718876,67.84670988034438,standard,Toronto,2025-01-01 02:39:00
161,1041,9.689436156444833,9.781623762170728,premium,Berlin,2025-01-01 02:40:00
162,1024,24.818419952089727,12.78794381564788,premium,Lima,2025-01-01 02:41:00
163,1025,12.099781501027838,17.863881615109634,pool,Nairobi,2025-01-01 02:42:00
164,1014,24.361657706290636,37.45284759893472,pool,Seoul,2025-01-01 02:43:00
165,1021,21.20541541531307,27.573156259039507,premium,Seoul,2025-01-01 02:44:00
166,1006,4.662073871453452,8.420154960520602,standard,Toronto,2025-01-01 02:45:00
167,1023,1.7055126254406652,70.08934160127227,premium,Nairobi,2025-01-01 02:46:00
168,1040,1.237549781516046,27.44902640680122,standard,Nairobi,2025-01-01 02:47:00
169,1003,11.694306672413093,44.33637936973424,pool,Seoul,2025-01-01 02:48:00
170,1029,27.63645232725073,55.09610001076523,premium,Toronto,2025-01-01 02:49:00
171,1025,9.887489647717848,67.60274914037205,premium,Seoul,2025-01-01 02:50:00
172,1027,17.05453979915543,59.94400637914564,premium,Nairobi,2025-01-01 02:51:00
173,1004,7.9631526843664435,60.62868901080105,premium,Seoul,2025-01-01 02:52:00
174,1036,29.001280006476925,27.215663176458452,pool,Lima,2025-01-01 02:53:00
175,1019,13.347581999327264,41.18884943805565,standard,Berlin,2025-01-01 02:54:00
176,1024,22.786683699545012,38.55414569989263,pool,Seoul,2025-01-01 02:55:00
177,1042,2.7824221142132446,13.986998811426218,premium,Berlin,2025-01-01 02:56:00
178,1017,8.616114339358305,48.368513764596116,standard,Toronto,2025-01-01 02:57:00
179,1006,16.55897759916341,11.99026042389125,premium,Toronto,2025-01-01 02:58:00
180,1039,14.584747762136674,32.7134768066348,pool,Lima,2025-01-01 02:59:00
181,1050,5.5954276440455555,13.905135139059668,premium,Berlin,2025-01-01 03:00:00
182,1045,19.25561175080883,19.96568381332088,premium,Nairobi,2025-01-01 03:01:00
183,1003,26.643343497118664,25.584793731921533,standard,Toronto,2025-01-01 03:02:00
184,1048,17.355146203354472,67.8707361582816,standard,Toronto,2025-01-01 03:03:00
185,1004,7.536067652349652,71.42769462709856,standard,Berlin,2025-01-01 03:04:00
186,1045,24.445519472266092,68.80814911283136,pool,Berlin,2025-01-01 03:05:00
187,1002,15.004296911463861,61.64694988812445,premium,Seoul,2025-01-01 03:06:00
188,1029,28.07488502339401,45.32431671531298,standard,Nairobi,2025-01-01 03:07:00
189,1014,13.867561953612634,42.94462112015259,premium,Toronto,2025-01-01 03:08:00
190,1023,28.134241636935386,9.59011920222315,premium,Berlin,2025-01-01 03:09:00
191,1042,23.066941269322975,10.929281136249783,pool,Berlin,2025-01-01 03:10:00
192,1012,4.896015967237625,30.927586345992783,standard,Lima,2025-01-01 03:11:00
193,1004,14.681604784194528,36.57177390922464,pool,Nairobi,2025-01-01 03:12:00
194,1007,9.66419996006193,61.83375993551324,pool,Nairobi,2025-01-01 03:13:00
195,1018,3.218259604907956,14.668725899352765,standard,Seoul,2025-01-01 03:14:00
196,1004,2.489669205145351,15.089555447131527,premium,Nairobi,2025-01-01 03:15:00
197,1050,19.612217990013384,47.56680212495816,premium,Toronto,2025-01-01 03:16:00
198,1027,20.613694688906737,29.99302800248667,premium,Lima,2025-01-01 03:17:00
199,1025,16.55031459886404,49.1133767148756,premium,Lima,2025-01-01 03:18:00
200,1045,14.878500709107916,23.42007799887703,standard,Nairobi,2025-01-01 03:19:00
201,1008,1.4574907131239794,26.57671329092657,standard,Lima,2025-01-01 03:20:00
202,1045,10.048086452435339,32.92177868720178,premium,Berlin,2025-01-01 03:21:00
203,1035,28.812536460419135,63.32875794902377,pool,Nairobi,2025-01-01 03:22:00
204,1026,3.059332563000138,68.75306880890035,standard,Berlin,2025-01-01 03:23:00
205,1041,8.111889243630504,7.742171780554955,standard,Lima,2025-01-01 03:24:00
206,1030,4.10682207933044,40.25481319626683,pool,Berlin,2025-01-01 03:25:00
207,1026,24.55381084495074,20.860507219129925,pool,Toronto,2025-01-01 03:26:00
208,1033,10.201445939649936,45.19912629964127,pool,Seoul,2025-01-01 03:27:00
209,1026,18.76610022065278,41.48516540896044,premium,Seoul,2025-01-01 03:28:00
210,1003,8.610976044238896,43.20441846852152,premium,Berlin,2025-01-01 03:29:00
211,1002,10.616656275329293,21.975833144432926,pool,Toronto,2025-01-01 03:30:00
212,1007,5.929688322818674,20.954412285638885,standard,Toronto,2025-01-01 03:31:00
213,1044,13.43754004549937,20.821454865850626,standard,Nairobi,2025-01-01 03:32:00
214,1041,3.184491958537027,70.8532859147263,premium,Seoul,2025-01-01 03:33:00
215,1040,6.7644177638423315,40.06672881807009,standard,Seoul,2025-01-01 03:34:00
216,1044,9.367636672776468,73.78333561441254,pool,Seoul,2025-01-01 03:35:00
217,1023,12.056378581877153,28.5459892407509,premium,Berlin,2025-01-01 03:36:00
218,1014,28.07477954173953,13.671016021893976,premium,Lima,2025-01-01 03:37:00
219,1028,15.472309141564354,34.36609830873836,standard,Berlin,2025-01-01 03:38:00
220,1011,13.003216351619953,22.646385820670297,standard,Seoul,2025-01-01 03:39:00
221,1027,28.8163477578976,15.270327407364094,premium,Toronto,2025-01-01 03:40:00
222,1035,26.94331221419044,13.508413786332538,pool,Nairobi,2025-01-01 03:41:00
223,1034,10.72022170648122,74.99272113861356,standard,Berlin,2025-01-01 03:42:00
224,1030,17.66555013385007,9.388603024909266,standard,Nairobi,2025-01-01 03:43:00
225,1032,1.4492905089178296,72.2270245142296,standard,Seoul,2025-01-01 03:44:00
226,1034,24.920615186300502,18.062540532149725,pool,Toronto,2025-01-01 03:45:00
227,1039,5.111961972108112,58.7400910113923,premium,Berlin,2025-01-01 03:46:00
228,1018,23.76364843059737,57.91495574440486,pool,Seoul,2025-01-01 03:47:00
229,1016,23.767623634060545,15.26886476302842,premium,Berlin,2025-01-01 03:48:00
230,1031,20.495708102071188,8.57768565828838,standard,Berlin,2025-01-01 03:49:00
231,1026,28.690136803977218,74.33299054791755,pool,Toronto,2025-01-01 03:50:00
232,1041,16.71518915388927,37.13344037933746,standard,Lima,2025-01-01 03:51:00
233,1013,21.24109354951172,8.85105824878243,standard,Seoul,2025-01-01 03:52:00
234,1045,6.850278687297786,50.68121753202657,premium,Toronto,2025-01-01 03:53:00
235,1011,27.543597537606434,60.61642034389063,pool,Berlin,2025-01-01 03:54:00
236,1043,4.896976889018621,19.953484667720403,premium,Toronto,2025-01-01 03:55:00
237,1004,19.863692661207786,37.69803149987654,premium,Nairobi,2025-01-01 03:56:00
238,1047,20.35803099175651,59.68947804050494,pool,Toronto,2025-01-01 03:57:00
239,1047,26.72557345087124,42.51979761180486,premium,Toronto,2025-01-01 03:58:00
240,1010,14.981916741975342,11.738399451936523,premium,Berlin,2025-01-01 03:59:00
241,1002,3.750961488552452,14.978682483571026,premium,Lima,2025-01-01 04:00:00
242,1033,14.936005333016128,14.653917203916665,pool,Toronto,2025-01-01 04:01:00
243,1034,29.226602395265914,60.15063458893545,standard,Berlin,2025-01-01 04:02:00
244,1035,23.23176764681667,17.424218846129605,premium,Nairobi,2025-01-01 04:03:00
245,1047,1.0532833598203384,65.02165934792296,standard,Berlin,2025-01-01 04:04:00
246,1041,10.563108830053604,36.29336434165523,standard,Berlin,2025-01-01 04:05:00
247,1050,25.446727500549397,24.140488019634276,pool,Berlin,2025-01-01 04:06:00
248,1047,14.723571281021004,27.91647525854225,standard,Nairobi,2025-01-01 04:07:00
249,1029,25.758128486425974,47.50262366729763,pool,Seoul,2025-01-01 04:08:00
250,1018,26.439049477882097,6.3000181640011474,premium,Nairobi,2025-01-01 04:09:00
251,1011,8.043218765229351,14.019100807947426,standard,Lima,2025-01-01 04:10:00
252,1036,8.038249569295976,68.33478258724321,pool,Berlin,2025-01-01 04:11:00
253,1044,28.241877561654764,70.16700492590039,pool,Lima,2025-01-01 04:12:00
254,1040,11.969919687805996,37.3219114566364,pool,Seoul,2025-01-01 04:13:00
255,1027,17.68722502306649,15.04869486646562,pool,Toronto,2025-01-01 04:14:00
256,1021,15.68384399776723,34.98875940536571,premium,Berlin,2025-01-01 04:15:00
257,1032,10.21160394138142,43.340289743816,standard,Lima,2025-01-01 04:16:00
258,1018,22.84239716779136,9.435209216174602,pool,Seoul,2025-01-01 04:17:00
259,1010,13.779658654015227,63.71248455354986,premium,Lima,2025-01-01 04:18:00
260,1003,5.294646393795764,28.22286420642258,pool,Seoul,2025-01-01 04:19:00
261,1014,10.28098566378494,45.44457303157951,pool,Seoul,2025-01-01 04:20:00
262,1009,1.8794502762788607,64.15356843069662,standard,Toronto,2025-01-01 04:21:00
263,1017,26.72494300207199,20.90362434010842,standard,Toronto,2025-01-01 04:22:00
264,1023,13.76659251170225,39.0724581624128,premium,Seoul,2025-01-01 04:23:00
265,1014,1.3521436662822803,24.928401899023548,standard,Seoul,2025-01-01 04:24:00
266,1045,22.22920071334925,7.941699919798796,standard,Seoul,2025-01-01 04:25:00
267,1046,7.138863402676372,54.61047415815898,pool,Berlin,2025-01-01 04:26:00
268,1011,20.685711920351665,40.134648216466736,standard,Berlin,2025-01-01 04:27:00
269,1016,14.761847307774492,57.38884232787788,pool,Toronto,2025-01-01 04:28:00
270,1040,3.6835123756908215,37.16965740393369,pool,Lima,2025-01-01 04:29:00
271,1047,16.80595729920396,43.339652314458235,standard,Nairobi,2025-01-01 04:30:00
272,1004,22.71978724075154,52.6209957492735,premium,Seoul,2025-01-01 04:31:00
273,1024,6.423546419282687,38.555071509005245,standard,Berlin,2025-01-01 04:32:00
274,1034,14.905356791631066,36.78241519777521,pool,Seoul,2025-01-01 04:33:00
275,1014,12.051189492669218,26.31072965143722,pool,Berlin,2025-01-01 04:34:00
276,1050,21.192901618843486,30.592882454073433,pool,Berlin,2025-01-01 04:35:00
277,1000,19.725545288537997,48.65598380551966,standard,Toronto,2025-01-01 04:36:00
278,1050,14.096760510105387,55.8120167614802,standard,Seoul,2025-01-01 04:37:00
279,1020,4.163000621507669,26.451714713976244,pool,Berlin,2025-01-01 04:38:00
280,1049,9.3922979848709,61.57982825877495,pool,Toronto,2025-01-01 04:39:00
281,1022,15.812497225028396,51.047805694198,pool,Seoul,2025-01-01 04:40:00
282,1042,24.465295533504115,74.96824394718698,standard,Toronto,2025-01-01 04:41:00
283,1007,10.498318558594628,17.08930756570971,standard,Toronto,2025-01-01 04:42:00
284,1047,22.12423979218183,12.460382420586576,pool,Nairobi,2025-01-01 04:43:00
285,1039,23.7494422524441,22.354657155685967,pool,Toronto,2025-01-01 04:44:00
286,1025,29.915702789421346,38.72380077453381,premium,Toronto,2025-01-01 04:45:00
287,1021,10.064126610844164,23.382239863982083,pool,Berlin,2025-01-01 04:46:00
288,1040,15.185264648023159,56.524604619880975,standard,Nairobi,2025-01-01 04:47:00
289,1034,4.422877862244929,53.01929034767942,premium,Lima,2025-01-01 04:48:00
290,1021,18.558135310339686,55.89003899089187,premium,Lima,2025-01-01 04:49:00
291,1020,22.225413625154918,71.6001989263542,premium,Berlin,2025-01-01 04:50:00
292,1033,14.505426296268533,40.525950239720714,standard,Lima,2025-01-01 04:51:00
293,1015,9.044275192766152,9.02125173886827,pool,Nairobi,2025-01-01 04:52:00
294,1009,1.853765703136799,40.08778078874723,standard,Nairobi,2025-01-01 04:53:00
295,1050,15.462915649342962,29.80300130030882,pool,Toronto,2025-01-01 04:54:00
296,1044,9.060742312499361,54.610858729695735,premium,Toronto,2025-01-01 04:55:00
297,1033,10.96242819306026,50.52510717913046,premium,Berlin,2025-01-01 04:56:00
298,1028,17.322128560931468,41.599992223315994,standard,Seoul,2025-01-01 04:57:00
299,1025,24.953820948408,37.59370890448242,premium,Nairobi,2025-01-01 04:58:00
300,1034,2.167032520767548,58.845247549023746,pool,Toronto,2025-01-01 04:59:00
301,1025,3.048998608169697,12.107328652042373,standard,Toronto,2025-01-01 05:00:00
302,1020,2.8558282624196814,21.954241151440165,premium,Seoul,2025-01-01 05:01:00
303,1031,11.76919163929549,41.85312516679632,pool,Nairobi,2025-01-01 05:02:00
304,1032,8.005738568526223,19.076881049851856,standard,Berlin,2025-01-01 05:03:00
305,1021,29.795475280681845,64.76256510137273,pool,Berlin,2025-01-01 05:04:00
306,1016,29.313047127834036,20.754084917015216,pool,Lima,2025-01-01 05:05:00
307,1022,7.255967130210506,11.599640701900427,standard,Seoul,2025-01-01 05:06:00
308,1028,28.492432858128673,46.45224839633126,pool,Toronto,2025-01-01 05:07:00
309,1038,7.401849204409677,53.88621812378695,pool,Nairobi,2025-01-01 05:08:00
310,1013,10.240522588904986,62.50877922636744,pool,Berlin,2025-01-01 05:09:00
311,1033,26.893269743572276,39.07304525939716,premium,Toronto,2025-01-01 05:10:00
312,1033,8.791589526225145,68.1777976737186,standard,Berlin,2025-01-01 05:11:00
313,1047,12.66403619437901,45.65455517387274,standard,Lima,2025-01-01 05:12:00
314,1048,20.96295948484487,20.178965406479712,standard,Berlin,2025-01-01 05:13:00
315,1019,9.54476344071121,36.25777121962551,premium,Berlin,2025-01-01 05:14:00
316,1037,28.097103469912344,56.60984102339961,premium,Lima,2025-01-01 05:15:00
317,1029,21.833821984598075,61.35848693874012,premium,Seoul,2025-01-01 05:16:00
318,1014,27.088732488718954,59.61625754808867,pool,Berlin,2025-01-01 05:17:00
319,1009,25.230832185657736,14.096016349886376,premium,Berlin,2025-01-01 05:18:00
320,1003,25.37244572508953,67.02462602337974,premium,Seoul,2025-01-01 05:19:00
321,1044,13.552017860452773,35.99580415691582,standard,Toronto,2025-01-01 05:20:00
322,1037,4.29983802640654,26.794625754177947,standard,Lima,2025-01-01 05:21:00
323,1020,18.774859512022225,25.7845306129146,premium,Nairobi,2025-01-01 05:22:00
324,1000,21.75339974593409,13.090088859731067,standard,Lima,2025-01-01 05:23:00
325,1017,14.631982758915864,52.870241566543136,pool,Seoul,2025-01-01 05:24:00
326,1006,15.4290355609374,59.224359156653314,standard,Lima,2025-01-01 05:25:00
327,1014,25.16061340542582,72.11093062618495,pool,Seoul,2025-01-01 05:26:00
328,1039,15.381630222628909,70.91387207339457,premium,Lima,2025-01-01 05:27:00
329,1002,28.72387575372509,8.627169373006566,standard,Seoul,2025-01-01 05:28:00
330,1043,12.13104089154028,29.604134946195437,premium,Nairobi,2025-01-01 05:29:00
331,1033,16.965471037490424,46.549144969137565,premium,Lima,2025-01-01 05:30:00
332,1015,25.39053795858817,8.558017482448042,premium,Toronto,2025-01-01 05:31:00
333,1024,14.560966696664657,57.26729002218787,pool,Toronto,2025-01-01 05:32:00
334,1009,24.07371237622894,46.98208005003531,standard,Lima,2025-01-01 05:33:00
335,1010,5.355658086318445,16.72695346595439,pool,Berlin,2025-01-01 05:34:00
336,1026,9.061853307283338,6.873958370742596,premium,Berlin,2025-01-01 05:35:00
337,1038,9.99887447174551,23.169616520351653,premium,Nairobi,2025-01-01 05:36:00
338,1046,16.804916790750354,65.6031507244622,standard,Toronto,2025-01-01 05:37:00
339,1048,1.0904008104518583,49.560851801584406,premium,Nairobi,2025-01-01 05:38:00
340,1001,14.496718830840335,72.410446931937,standard,Berlin,2025-01-01 05:39:00
341,1022,7.465656500998272,48.854341295878754,pool,Berlin,2025-01-01 05:40:00
342,1026,24.5648139375702,55.40159199667845,premium,Berlin,2025-01-01 05:41:00
343,1049,4.450508299342743,12.366692862233126,standard,Lima,2025-01-01 05:42:00
344,1043,8.310207366183864,19.569360621954953,premium,Toronto,2025-01-01 05:43:00
345,1047,20.885259350311806,30.09652527353874,pool,Berlin,2025-01-01 05:44:00
346,1032,27.832863182307346,64.5321621541781,pool,Toronto,2025-01-01 05:45:00
347,1004,29.699251184880936,25.873270858546345,pool,Berlin,2025-01-01 05:46:00
348,1049,27.946976262349374,46.66376306338161,pool,Nairobi,2025-01-01 05:47:00
349,1044,23.047621814784502,34.38592924008661,standard,Seoul,2025-01-01 05:48:00
350,1043,6.838289916190569,73.46704229977063,pool,Toronto,2025-01-01 05:49:00
351,1009,26.298436590898223,12.251088614831861,pool,Berlin,2025-01-01 05:50:00
352,1032,21.578035497580363,69.33594849610516,standard,Lima,2025-01-01 05:51:00
353,1050,12.506415601909426,7.387029650991771,standard,Nairobi,2025-01-01 05:52:00
354,1043,10.062049747795523,31.417120910908906,standard,Lima,2025-01-01 05:53:00
355,1049,8.958779397046943,44.71600784522902,pool,Toronto,2025-01-01 05:54:00
356,1031,27.855495932066443,35.912283175744186,premium,Lima,2025-01-01 05:55:00
357,1031,8.929393705979464,45.556936895770704,standard,Toronto,2025-01-01 05:56:00
358,1000,17.903591444784606,9.568119034189035,standard,Nairobi,2025-01-01 05:57:00
359,1045,18.858835048268226,36.918612457160464,pool,Lima,2025-01-01 05:58:00
360,1018,26.839600393339854,40.19906806488741,pool,Berlin,2025-01-01 05:59:00
361,1050,17.195479361015245,62.84385095865622,premium,Lima,2025-01-01 06:00:00
362,1041,22.29453591741953,10.668068839833568,pool,Lima,2025-01-01 06:01:00
363,1049,19.103653323513313,10.073383074174613,standard,Seoul,2025-01-01 06:02:00
364,1008,13.127090211466856,14.56765101812519,standard,Nairobi,2025-01-01 06:03:00
365,1003,29.792715007517916,69.31731145601714,premium,Toronto,2025-01-01 06:04:00
366,1042,6.912505484883224,57.24390853984759,standard,Lima,2025-01-01 06:05:00
367,1012,25.962433927196447,48.73484299236402,premium,Berlin,2025-01-01 06:06:00
368,1045,28.301315756043564,21.242151153730955,premium,Lima,2025-01-01 06:07:00
369,1029,1.3579807315674866,31.86898160868658,pool,Toronto,2025-01-01 06:08:00
370,1018,7.036112819577393,17.850655608533437,premium,Toronto,2025-01-01 06:09:00
371,1020,24.60465495941654,64.09332163213762,pool,Berlin,2025-01-01 06:10:00
372,1030,27.35243712837753,8.799960505715525,standard,Lima,2025-01-01 06:11:00
373,1000,24.280382100798544,20.491259154969026,pool,Lima,2025-01-01 06:12:00
374,1015,25.503875475798825,20.967307341232992,standard,Toronto,2025-01-01 06:13:00
375,1012,25.856621211518767,50.06364197280999,standard,Berlin,2025-01-01 06:14:00
376,1032,16.952122777487226,49.0955047416225,premium,Toronto,2025-01-01 06:15:00
377,1001,17.731784483436538,27.757957748144534,premium,Lima,2025-01-01 06:16:00
378,1044,4.077868760388998,46.09582885838232,standard,Berlin,2025-01-01 06:17:00
379,1036,6.964041509520798,21.5764614816549,premium,Toronto,2025-01-01 06:18:00
380,1023,5.813942514571114,14.278567095842615,premium,Toronto,2025-01-01 06:19:00
381,1023,2.2349734525748413,66.55894219966424,pool,Toronto,2025-01-01 06:20:00
382,1044,1.565851912499308,42.77940118466125,standard,Lima,2025-01-01 06:21:00
383,1002,18.510627728067064,39.03429254289608,premium,Nairobi,2025-01-01 06:22:00
384,1027,8.826587176013284,52.24294568116944,premium,Seoul,2025-01-01 06:23:00
385,1024,11.719127387722928,27.641181206563072,pool,Berlin,2025-01-01 06:24:00
386,1021,19.294784569313407,29.30441298874747,pool,Lima,2025-01-01 06:25:00
387,1047,10.804963376797417,64.0100286885804,pool,Nairobi,2025-01-01 06:26:00
388,1012,27.568985192973233,68.65079897164229,pool,Lima,2025-01-01 06:27:00
389,1030,21.233888507831637,31.219621585958006,premium,Berlin,2025-01-01 06:28:00
390,1020,21.405651196911812,19.914356865558105,pool,Berlin,2025-01-01 06:29:00
391,1008,13.243188353303617,50.04326872309759,premium,Nairobi,2025-01-01 06:30:00
392,1017,16.66864605918935,72.43484245893556,pool,Seoul,2025-01-01 06:31:00
393,1013,27.517762579115804,50.85732071968516,pool,Nairobi,2025-01-01 06:32:00
394,1028,11.564830223704313,50.93352393961204,standard,Toronto,2025-01-01 06:33:00
395,1048,27.772038549994353,52.23365050463604,premium,Lima,2025-01-01 06:34:00
396,1028,22.063187273532474,39.223439441929756,premium,Lima,2025-01-01 06:35:00
397,1043,1.0896484301231562,68.10444757922266,premium,Berlin,2025-01-01 06:36:00
398,1008,21.0976178903786,62.182856237420275,standard,Nairobi,2025-01-01 06:37:00
399,1034,27.8833121619478,39.844874483404666,standard,Berlin,2025-01-01 06:38:00
400,1033,7.548567903066539,57.13919700465151,standard,Seoul,2025-01-01 06:39:00
401,1004,29.712221955641805,52.19353840384038,pool,Seoul,2025-01-01 06:40:00
402,1019,14.072146738257233,67.84911433949297,pool,Berlin,2025-01-01 06:41:00
403,1000,19.454895266713134,30.013976109085043,premium,Berlin,2025-01-01 06:42:00
404,1013,25.702417792423915,15.172182380488756,premium,Berlin,2025-01-01 06:43:00
405,1010,26.971693162387922,21.568857773845018,pool,Berlin,2025-01-01 06:44:00
406,1011,14.63529381831258,63.86832457540207,premium,Lima,2025-01-01 06:45:00
407,1020,25.107509143761497,41.68704520628416,standard,Toronto,2025-01-01 06:46:00
408,1011,10.559423025044445,20.431665230354653,pool,Berlin,2025-01-01 06:47:00
409,1018,20.830755694311822,57.11992458766835,pool,Nairobi,2025-01-01 06:48:00
410,1008,1.7124466011699075,67.64817853075337,standard,Nairobi,2025-01-01 06:49:00
411,1030,24.830885845295356,39.77245921091621,premium,Nairobi,2025-01-01 06:50:00
412,1017,8.802182782417319,14.070398016270758,standard,Berlin,2025-01-01 06:51:00
413,1002,11.235308908669783,66.7036369421051,pool,Lima,2025-01-01 06:52:00
414,1045,18.66687899422193,9.167774082072691,pool,Seoul,2025-01-01 06:53:00
415,1013,20.492746568206446,55.330199863558086,standard,Berlin,2025-01-01 06:54:00
416,1019,23.544916940440597,17.619367675460786,standard,Lima,2025-01-01 06:55:00
417,1013,10.785440003824691,45.75637088141205,standard,Nairobi,2025-01-01 06:56:00
418,1008,18.994013292465706,15.2194274823436,pool,Lima,2025-01-01 06:57:00
419,1029,4.274119314886289,71.35373555702479,standard,Berlin,2025-01-01 06:58:00
420,1004,15.896858300236005,47.05459177744362,standard,Nairobi,2025-01-01 06:59:00
421,1050,23.363115252397535,30.393527238726037,pool,Nairobi,2025-01-01 07:00:00
422,1003,20.49270438951418,64.57691591882806,pool,Toronto,2025-01-01 07:01:00
423,1025,19.409498111312846,72.43732963934237,standard,Lima,2025-01-01 07:02:00
424,1036,8.070850980711569,45.59036682175965,standard,Seoul,2025-01-01 07:03:00
425,1006,25.249487476105855,23.59085719772377,pool,Lima,2025-01-01 07:04:00
426,1035,4.036995949234691,37.284758213219924,premium,Lima,2025-01-01 07:05:00
427,1016,16.74578772413966,71.89127387033363,standard,Berlin,2025-01-01 07:06:00
428,1035,16.02897564572238,60.26256285966503,premium,Berlin,2025-01-01 07:07:00
429,1043,14.979576812355573,55.441935693065254,premium,Berlin,2025-01-01 07:08:00
430,1030,18.24253004530808,50.80231370797435,standard,Lima,2025-01-01 07:09:00
431,1017,10.017113075493718,57.91619135708206,premium,Berlin,2025-01-01 07:10:00
432,1032,5.759223127432943,63.90600811481669,pool,Lima,2025-01-01 07:11:00
433,1044,16.98107446509262,24.389691276892968,standard,Lima,2025-01-01 07:12:00
434,1038,6.534168480010708,30.18652228564892,pool,Nairobi,2025-01-01 07:13:00
435,1035,22.017714752082334,70.07480435660048,premium,Lima,2025-01-01 07:14:00
436,1024,18.909168619231732,36.539622231866886,standard,Berlin,2025-01-01 07:15:00
437,1017,10.161410709056389,40.70994773863757,pool,Seoul,2025-01-01 07:16:00
438,1009,1.0422996066759866,44.75986290418648,premium,Nairobi,2025-01-01 07:17:00
439,1020,20.311217459873948,64.95381570938272,standard,Berlin,2025-01-01 07:18:00
440,1035,24.661358903258144,57.90153156480744,pool,Berlin,2025-01-01 07:19:00
441,1007,29.552721532799556,7.9030293457928655,pool,Nairobi,2025-01-01 07:20:00
442,1006,17.336311188077286,70.1845861911321,premium,Seoul,2025-01-01 07:21:00
443,1049,26.76331650706141,61.33718648107691,standard,Berlin,2025-01-01 07:22:00
444,1033,10.174470927945743,31.877107793175636,premium,Berlin,2025-01-01 07:23:00
445,1007,17.936318880477913,27.984591405931724,standard,Nairobi,2025-01-01 07:24:00
446,1041,27.64655989125655,59.099431343111796,pool,Seoul,2025-01-01 07:25:00
447,1018,26.669281590581964,21.927360322875828,standard,Seoul,2025-01-01 07:26:00
448,1004,9.77785809345453,68.28635164612348,premium,Nairobi,2025-01-01 07:27:00
449,1006,29.103551843387702,25.180052660876864,standard,Seoul,2025-01-01 07:28:00
450,1021,13.977117781426312,11.188827746826522,pool,Nairobi,2025-01-01 07:29:00
451,1041,6.883988882342213,64.48431329640955,standard,Toronto,2025-01-01 07:30:00
452,1049,16.381842766637412,32.04243929964503,pool,Nairobi,2025-01-01 07:31:00
453,1024,24.08909636872271,48.3246611107413,premium,Berlin,2025-01-01 07:32:00
454,1025,12.776563204003853,35.58528285184454,standard,Nairobi,2025-01-01 07:33:00
455,1006,1.3152489376626324,22.87714796843493,pool,Toronto,2025-01-01 07:34:00
456,1030,28.857815023256602,12.769365235915462,premium,Berlin,2025-01-01 07:35:00
457,1048,15.708291647118468,46.86684178835115,standard,Lima,2025-01-01 07:36:00
458,1039,4.9308070881235695,22.95311131262079,standard,Seoul,2025-01-01 07:37:00
459,1021,20.478252568558997,31.871109991666106,pool,Toronto,2025-01-01 07:38:00
460,1001,19.90942261439817,31.06243274119452,standard,Lima,2025-01-01 07:39:00
461,1044,23.808418584493452,66.51936251944991,standard,Nairobi,2025-01-01 07:40:00
462,1000,28.19247857601042,12.72596990506361,standard,Nairobi,2025-01-01 07:41:00
463,1042,28.484845170637417,25.063491188070007,premium,Nairobi,2025-01-01 07:42:00
464,1043,11.054436003084724,73.10702819506625,premium,Seoul,2025-01-01 07:43:00
465,1036,26.793399881357338,71.77839221283635,premium,Nairobi,2025-01-01 07:44:00
466,1004,20.737361407118343,33.949738402559454,premium,Nairobi,2025-01-01 07:45:00
467,1021,4.130500843214383,16.38600467190055,standard,Toronto,2025-01-01 07:46:00
468,1002,29.472809058123364,11.964642387826903,pool,Lima,2025-01-01 07:47:00
469,1007,25.514924860830774,56.03404571422208,standard,Nairobi,2025-01-01 07:48:00
470,1016,14.154868866456404,33.0828841964629,standard,Berlin,2025-01-01 07:49:00
471,1047,20.948737669065938,35.661717690743814,premium,Lima,2025-01-01 07:50:00
472,1033,21.53258357419015,67.77105267221002,pool,Berlin,2025-01-01 07:51:00
473,1016,15.746463207971974,73.82687615922086,premium,Berlin,2025-01-01 07:52:00
474,1031,27.304104153670824,17.627504556901613,standard,Seoul,2025-01-01 07:53:00
475,1002,7.1536461557961895,26.157677438628593,premium,Toronto,2025-01-01 07:54:00
476,1032,7.949060729410707,24.73474214916563,standard,Nairobi,2025-01-01 07:55:00
477,1002,1.7381575148378343,65.62228373445302,premium,Lima,2025-01-01 07:56:00
478,1002,21.322308084992095,44.0390709331816,standard,Toronto,2025-01-01 07:57:00
479,1001,25.26160829009512,18.243923044984474,standard,Seoul,2025-01-01 07:58:00
480,1017,18.876248988290367,36.8651976215291,premium,Lima,2025-01-01 07:59:00
481,1026,10.201832273701163,58.10956951687532,standard,Seoul,2025-01-01 08:00:00
482,1020,17.476563440698047,59.60675943348322,premium,Seoul,2025-01-01 08:01:00
483,1035,2.8442896674728155,13.608738320047355,premium,Toronto,2025-01-01 08:02:00
484,1022,2.0599227459096046,63.14539129621935,pool,Lima,2025-01-01 08:03:00
485,1036,24.37551227147623,42.893567703912986,standard,Berlin,2025-01-01 08:04:00
486,1024,10.52881918178139,29.65542058490865,standard,Berlin,2025-01-01 08:05:00
487,1009,17.11065928199862,58.40837891899785,premium,Nairobi,2025-01-01 08:06:00
488,1029,26.56312118607708,69.64464331891614,premium,Toronto,2025-01-01 08:07:00
489,1027,28.64105942804609,46.97622784918439,standard,Nairobi,2025-01-01 08:08:00
490,1045,2.513945187102388,72.86048363568352,premium,Berlin,2025-01-01 08:09:00
491,1005,26.3830006800012,19.585951558504014,standard,Lima,2025-01-01 08:10:00
492,1030,18.66680906075447,41.73119371455221,premium,Toronto,2025-01-01 08:11:00
493,1011,17.85899492154774,28.462691874157247,standard,Toronto,2025-01-01 08:12:00
494,1050,19.299382568863496,59.821192627051275,premium,Toronto,2025-01-01 08:13:00
495,1043,2.908475483620104,33.205507012415765,premium,Berlin,2025-01-01 08:14:00
496,1032,21.01435553681471,9.230025067100126,standard,Berlin,2025-01-01 08:15:00
497,1045,29.304208658668156,21.59630531214438,pool,Toronto,2025-01-01 08:16:00
498,1033,10.864083734848501,48.76480374824654,standard,Lima,2025-01-01 08:17:00
499,1025,8.226500395363459,5.4621377409958685,standard,Berlin,2025-01-01 08:18:00
500,1015,6.0373004552816845,53.08536361361756,standard,Nairobi,2025-01-01 08:19:00
